1,Anton,Duma,79718782793,Duma@dodopizza.ru
2,Anna,Shapiro,79541233701,Mironenko@dodopizza.ru
3,Vasilisa,Shapiro,79265634690,Moroz@dodopizza.ru
4,Inna,Duma,79602495464,Moroz@dodopizza.ru
5,Anna,Shagal,79829428025,Shapiro@dodopizza.ru
6,Olga,Mironenko,79643543181,Shapiro@dodopizza.ru
7,Anna,Kovalenko,79067470620,Duma@dodopizza.ru
8,Anton,Duma,79966138816,Galich@dodopizza.ru
9,Anna,Duma,79990324536,Moroz@dodopizza.ru
10,Miron,Sidorenko,79376758749,Mironenko@dodopizza.ru
11,Miron,Shagal,79637984386,Duma@dodopizza.ru
12,Igor,Shapiro,79479014408,Galich@dodopizza.ru
13,Anna,Duma,79932973790,Sidorenko@dodopizza.ru
14,Alex,Shagal,79414165257,Duma@dodopizza.ru
15,Olga,Duma,79772993215,Duma@dodopizza.ru
16,Vasilisa,Sidorenko,79053483617,Moroz@dodopizza.ru
17,Anton,Mironenko,79031895963,Sidorenko@dodopizza.ru
18,Olga,Shagal,79803918758,Shagal@dodopizza.ru
19,Vasilisa,Shapiro,79540840205,Shagal@dodopizza.ru
20,Olga,Moroz,79647490090,Shapiro@dodopizza.ru
21,Viktor,Shagal,79224551159,Duma@dodopizza.ru
22,Anton,Mironenko,79275899319,Shapiro@dodopizza.ru
23,Vasilisa,Mironenko,79551177883,Moroz@dodopizza.ru
24,Miron,Moroz,79819312790,Mironenko@dodopizza.ru
25,Svetlana,Mironenko,79398565386,Sidorenko@dodopizza.ru
26,Anton,Shagal,79400437512,Shapiro@dodopizza.ru
27,Anna,Shagal,79481920994,Galich@dodopizza.ru
28,Viktor,Duma,79322165501,Duma@dodopizza.ru
29,Svetlana,Kovalenko,79928269174,Shapiro@dodopizza.ru
30,Igor,Moroz,79761102605,Moroz@dodopizza.ru
31,Anna,Mironenko,79076156795,Mironenko@dodopizza.ru
32,Inna,Shapiro,79338932919,Shapiro@dodopizza.ru
33,Igor,Mironenko,79334249672,Shapiro@dodopizza.ru
34,Anna,Moroz,79867145505,Shapiro@dodopizza.ru
35,Anna,Shapiro,79671963014,Shapiro@dodopizza.ru
36,Inna,Mironenko,79754799141,Moroz@dodopizza.ru
37,Alex,Duma,79318461626,Shagal@dodopizza.ru
38,Viktor,Duma,79442272792,Mironenko@dodopizza.ru
39,Viktor,Moroz,79879228495,Duma@dodopizza.ru
40,Svetlana,Sidorenko,79062877346,Duma@dodopizza.ru
41,Anton,Shagal,79002358773,Kovalenko@dodopizza.ru
42,Inna,Mironenko,79844940874,Mironenko@dodopizza.ru
43,Inna,Duma,79779381565,Kovalenko@dodopizza.ru
44,Miron,Duma,79616598302,Mironenko@dodopizza.ru
45,Viktor,Shapiro,79217282605,Shapiro@dodopizza.ru
46,Anton,Duma,79275239624,Kovalenko@dodopizza.ru
47,Igor,Duma,79317628364,Duma@dodopizza.ru
48,Inna,Duma,79410427084,Mironenko@dodopizza.ru
49,Anton,Kovalenko,79394448851,Duma@dodopizza.ru
50,Anton,Galich,79697069416,Duma@dodopizza.ru
51,Anna,Sidorenko,79879493470,Mironenko@dodopizza.ru
52,Anna,Duma,79380368935,Shagal@dodopizza.ru
53,Viktor,Duma,79512507177,Shagal@dodopizza.ru
54,Anna,Galich,79219951896,Sidorenko@dodopizza.ru
55,Miron,Moroz,79359486939,Shapiro@dodopizza.ru
56,Inna,Shapiro,79509061428,Kovalenko@dodopizza.ru
57,Vasilisa,Mironenko,79374292536,Sidorenko@dodopizza.ru
58,Miron,Moroz,79682507491,Shagal@dodopizza.ru
59,Anna,Moroz,79710651538,Duma@dodopizza.ru
60,Alex,Shapiro,79734202571,Sidorenko@dodopizza.ru
61,Miron,Mironenko,79379349108,Galich@dodopizza.ru
62,Vasilisa,Moroz,79305324054,Moroz@dodopizza.ru
63,Vasilisa,Galich,79289997801,Shapiro@dodopizza.ru
64,Igor,Shapiro,79228066237,Duma@dodopizza.ru
65,Anna,Duma,79712114861,Kovalenko@dodopizza.ru
66,Inna,Shapiro,79211607186,Moroz@dodopizza.ru
67,Viktor,Kovalenko,79577268716,Shagal@dodopizza.ru
68,Igor,Sidorenko,79756559804,Shagal@dodopizza.ru
69,Anna,Galich,79808469451,Mironenko@dodopizza.ru
70,Igor,Duma,79918997618,Moroz@dodopizza.ru
71,Anna,Sidorenko,79067567928,Moroz@dodopizza.ru
72,Igor,Duma,79918035554,Duma@dodopizza.ru
73,Miron,Moroz,79305918141,Kovalenko@dodopizza.ru
74,Viktor,Mironenko,79775922737,Shapiro@dodopizza.ru
75,Olga,Mironenko,79531511748,Kovalenko@dodopizza.ru
76,Miron,Moroz,79327870026,Shapiro@dodopizza.ru
77,Svetlana,Galich,79267553658,Kovalenko@dodopizza.ru
78,Anna,Moroz,79644840891,Mironenko@dodopizza.ru
79,Anna,Shapiro,79146151314,Shapiro@dodopizza.ru
80,Igor,Galich,79535315644,Kovalenko@dodopizza.ru
81,Anton,Moroz,79918805766,Shagal@dodopizza.ru
82,Vasilisa,Shapiro,79790143288,Shapiro@dodopizza.ru
83,Svetlana,Duma,79640078466,Galich@dodopizza.ru
84,Svetlana,Mironenko,79640563965,Kovalenko@dodopizza.ru
85,Vasilisa,Kovalenko,79713062324,Duma@dodopizza.ru
86,Miron,Duma,79763176670,Galich@dodopizza.ru
87,Anna,Shagal,79239401307,Sidorenko@dodopizza.ru
88,Olga,Duma,79291214151,Duma@dodopizza.ru
89,Inna,Moroz,79317002805,Kovalenko@dodopizza.ru
90,Igor,Sidorenko,79797290501,Galich@dodopizza.ru
91,Inna,Sidorenko,79974012034,Duma@dodopizza.ru
92,Inna,Moroz,79191381223,Sidorenko@dodopizza.ru
93,Vasilisa,Galich,79898909327,Sidorenko@dodopizza.ru
94,Anna,Shagal,79068420250,Moroz@dodopizza.ru
95,Alex,Shapiro,79691665318,Shagal@dodopizza.ru
96,Inna,Kovalenko,79459516655,Duma@dodopizza.ru
97,Viktor,Mironenko,79471380760,Sidorenko@dodopizza.ru
98,Miron,Galich,79352763930,Shagal@dodopizza.ru
99,Vasilisa,Moroz,79465900602,Sidorenko@dodopizza.ru
100,Viktor,Duma,79275972410,Mironenko@dodopizza.ru
101,Victor,Kalashnikov,79092255050,harumolodec@dodopizza.ru
